tube #,BlendID,BITS Forward Primers plate  (official name),BITS Forward Primers plate (my unofficial labelling of the plates),sequence_name
1,16PNPMSA,BITS Plate 2 A1,BITS Forward Primers Plate 1,AAGGCGTACTACCTGCGGARGGATCA
2,16PNPMSB,BITS Plate 2 A2,BITS Forward Primers Plate 1,AAGGTACGCTACCTGCGGARGGATCA
3,16PNPMSC,BITS Plate 2 A3,BITS Forward Primers Plate 1,AAGGTAGCCTACCTGCGGARGGATCA
4,16PNPMSD,BITS Plate 2 A4,BITS Forward Primers Plate 1,AAGGTTCCCTACCTGCGGARGGATCA
5,16PNP5AA,BITS Plate 2 A5,BITS Forward Primers Plate 1,AAGGTTGGCTACCTGCGGARGGATCA
6,16PNP5AB,BITS Plate 2 A6,BITS Forward Primers Plate 1,AATACCGCCTACCTGCGGARGGATCA
7,16PNP5AC,BITS Plate 2 A7,BITS Forward Primers Plate 1,AATACGCCCTACCTGCGGARGGATCA
8,16PNP5AD,BITS Plate 2 A8,BITS Forward Primers Plate 1,AATAGCGGCTACCTGCGGARGGATCA
9,16PNCLDA,BITS Plate 2 A9,BITS Forward Primers Plate 1,AATAGGCGCTACCTGCGGARGGATCA
10,16PNCLDB,BITS Plate 2 A10,BITS Forward Primers Plate 1,AATTCCGGCTACCTGCGGARGGATCA
11,16PNCLDC,BITS Plate 2 A11,BITS Forward Primers Plate 1,AATTCGCGCTACCTGCGGARGGATCA
12,16PNCLDD,BITS Plate 2 A12,BITS Forward Primers Plate 1,AATTCGGCCTACCTGCGGARGGATCA
13,16PNCHWA,BITS Plate 2 B1,BITS Forward Primers Plate 1,AATTGCCGCTACCTGCGGARGGATCA
14,16PNCHWB,BITS Plate 2 B2,BITS Forward Primers Plate 1,AATTGCGCCTACCTGCGGARGGATCA
15,16PNCHWC,BITS Plate 2 B3,BITS Forward Primers Plate 1,AATTGGCCCTACCTGCGGARGGATCA
16,16PNCHWD,BITS Plate 2 B4,BITS Forward Primers Plate 1,ACACACACCTACCTGCGGARGGATCA
17,16PNNELA,BITS Plate 2 B5,BITS Forward Primers Plate 1,ACACACTGCTACCTGCGGARGGATCA
18,16PNNELB,BITS Plate 2 B6,BITS Forward Primers Plate 1,ACACAGAGCTACCTGCGGARGGATCA
19,16PNNELC,BITS Plate 2 B7,BITS Forward Primers Plate 1,ACACAGTCCTACCTGCGGARGGATCA
20,16PNNELD,BITS Plate 2 B8,BITS Forward Primers Plate 1,ACACCACACTACCTGCGGARGGATCA
21,16PNBORA,BITS Plate 2 B9,BITS Forward Primers Plate 1,ACACCAGTCTACCTGCGGARGGATCA
22,16PNBORB,BITS Plate 2 B10,BITS Forward Primers Plate 1,ACACCTCTCTACCTGCGGARGGATCA
23,16PNBORC,BITS Plate 2 B11,BITS Forward Primers Plate 1,ACACCTGACTACCTGCGGARGGATCA
24,16PNBORD,BITS Plate 2 B12,BITS Forward Primers Plate 1,ACACGACTCTACCTGCGGARGGATCA
25,16PNROSA,BITS Plate 2 C1,BITS Forward Primers Plate 1,ACACGAGACTACCTGCGGARGGATCA
26,16PNROSB,BITS Plate 2 C2,BITS Forward Primers Plate 1,ACACGTCACTACCTGCGGARGGATCA
27,16PNROSC,BITS Plate 2 C3,BITS Forward Primers Plate 1,ACACGTGTCTACCTGCGGARGGATCA
28,16PNROSD,BITS Plate 2 C4,BITS Forward Primers Plate 1,ACACTCAGCTACCTGCGGARGGATCA
29,16PNBNSA,BITS Plate 2 C5,BITS Forward Primers Plate 1,ACACTCTCCTACCTGCGGARGGATCA
30,16PNBNSB,BITS Plate 2 C6,BITS Forward Primers Plate 1,ACACTGACCTACCTGCGGARGGATCA
31,16PNBNSC,BITS Plate 2 C7,BITS Forward Primers Plate 1,ACACTGTGCTACCTGCGGARGGATCA
32,16PNBNSD,BITS Plate 2 C8,BITS Forward Primers Plate 1,ACAGACAGCTACCTGCGGARGGATCA
33,16PNRADA,BITS Plate 2 C9,BITS Forward Primers Plate 1,ACAGACTCCTACCTGCGGARGGATCA
34,16PNRADB,BITS Plate 2 C10,BITS Forward Primers Plate 1,ACAGAGACCTACCTGCGGARGGATCA
35,16PNRADC,BITS Plate 2 C11,BITS Forward Primers Plate 1,ACAGAGTGCTACCTGCGGARGGATCA
36,16PNRADD,BITS Plate 2 C12,BITS Forward Primers Plate 1,ACAGCACTCTACCTGCGGARGGATCA
37,16PNRC2A,BITS Plate 2 D1,BITS Forward Primers Plate 1,ACAGCAGACTACCTGCGGARGGATCA
38,16PNRC2B,BITS Plate 2 D2,BITS Forward Primers Plate 1,ACAGCTCACTACCTGCGGARGGATCA
39,16PNRC2C,BITS Plate 2 D3,BITS Forward Primers Plate 1,ACAGCTGTCTACCTGCGGARGGATCA
40,16PNRC2D,BITS Plate 2 D4,BITS Forward Primers Plate 1,ACAGGACACTACCTGCGGARGGATCA
41,16PNANAA,BITS Plate 2 D5,BITS Forward Primers Plate 1,ACAGGAGTCTACCTGCGGARGGATCA
42,16PNANAB,BITS Plate 2 D6,BITS Forward Primers Plate 1,ACAGGTCTCTACCTGCGGARGGATCA
43,16PNANAC,BITS Plate 2 D7,BITS Forward Primers Plate 1,ACAGGTGACTACCTGCGGARGGATCA
44,16PNANAD,BITS Plate 2 D8,BITS Forward Primers Plate 1,ACAGTCACCTACCTGCGGARGGATCA
45,16PNBLFA,BITS Plate 2 D9,BITS Forward Primers Plate 1,ACAGTCTGCTACCTGCGGARGGATCA
46,16PNBLFB,BITS Plate 2 D10,BITS Forward Primers Plate 1,ACAGTGAGCTACCTGCGGARGGATCA
47,16PNBLFC,BITS Plate 2 D11,BITS Forward Primers Plate 1,ACAGTGTCCTACCTGCGGARGGATCA
48,16PNBLFD,BITS Plate 2 D12,BITS Forward Primers Plate 1,ACCAACCACTACCTGCGGARGGATCA
49,16PNGMEA,BITS Plate 2 E1,BITS Forward Primers Plate 1,ACCAACGTCTACCTGCGGARGGATCA
50,16PNGMEB,BITS Plate 2 E2,BITS Forward Primers Plate 1,ACCAAGCTCTACCTGCGGARGGATCA
51,16PNGMEC,BITS Plate 2 E3,BITS Forward Primers Plate 1,ACCAAGGACTACCTGCGGARGGATCA
52,16PNGMED,BITS Plate 2 E4,BITS Forward Primers Plate 1,ACCACAACCTACCTGCGGARGGATCA
53,16mock community #1a,BITS Plate 2 E5,BITS Forward Primers Plate 1,ACCACATGCTACCTGCGGARGGATCA
54,16mock community #2a,BITS Plate 2 E6,BITS Forward Primers Plate 1,ACCACTAGCTACCTGCGGARGGATCA
55,16mock community #3a,BITS Plate 2 E7,BITS Forward Primers Plate 1,ACCACTTCCTACCTGCGGARGGATCA
56,16negative control #1a,BITS Plate 2 E8,BITS Forward Primers Plate 1,ACCAGAAGCTACCTGCGGARGGATCA
57,16negative control#2a,BITS Plate 2 E9,BITS Forward Primers Plate 1,ACCAGATCCTACCTGCGGARGGATCA
58,16negative control #3a,BITS Plate 2 E10,BITS Forward Primers Plate 1,ACCAGTACCTACCTGCGGARGGATCA
1,17PNP5AA,BITS Plate 1 A1,BITS Forward Primers Plate 2,AACCAACCCTACCTGCGGARGGATCA
2,17PNP5AB,BITS Plate 1 A2,BITS Forward Primers Plate 2,AACCAAGGCTACCTGCGGARGGATCA
3,17PNP5AC,BITS Plate 1 A3,BITS Forward Primers Plate 2,AACCATCGCTACCTGCGGARGGATCA
4,17PNP5AD,BITS Plate 1 A4,BITS Forward Primers Plate 2,AACCATGCCTACCTGCGGARGGATCA
5,17PNMSAA,BITS Plate 1 A5,BITS Forward Primers Plate 2,AACCGCATCTACCTGCGGARGGATCA
6,17PNMSAB,BITS Plate 1 A6,BITS Forward Primers Plate 2,AACCGCTACTACCTGCGGARGGATCA
7,17PNMSAC,BITS Plate 1 A7,BITS Forward Primers Plate 2,AACCGGAACTACCTGCGGARGGATCA
8,17PNMSAD,BITS Plate 1 A8,BITS Forward Primers Plate 2,AACCGGTTCTACCTGCGGARGGATCA
9,17PNCLDA,BITS Plate 1 A9,BITS Forward Primers Plate 2,AACCTACGCTACCTGCGGARGGATCA
10,17PNCLDB,BITS Plate 1 A10,BITS Forward Primers Plate 2,AACCTAGCCTACCTGCGGARGGATCA
11,17PNCLDC,BITS Plate 1 A11,BITS Forward Primers Plate 2,AACCTTCCCTACCTGCGGARGGATCA
12,17PNCLDD,BITS Plate 1 A12,BITS Forward Primers Plate 2,AACCTTGGCTACCTGCGGARGGATCA
13,17PNCHWA,BITS Plate 1 B1,BITS Forward Primers Plate 2,AACGAACGCTACCTGCGGARGGATCA
14,17PNCHWB,BITS Plate 1 B2,BITS Forward Primers Plate 2,AACGAAGCCTACCTGCGGARGGATCA
15,17PNCHWC,BITS Plate 1 B3,BITS Forward Primers Plate 2,AACGATCCCTACCTGCGGARGGATCA
16,17PNCHWD,BITS Plate 1 B4,BITS Forward Primers Plate 2,AACGATGGCTACCTGCGGARGGATCA
17,17PNNELA,BITS Plate 1 B5,BITS Forward Primers Plate 2,AACGCCATCTACCTGCGGARGGATCA
18,17PNNELB,BITS Plate 1 B6,BITS Forward Primers Plate 2,AACGCCTACTACCTGCGGARGGATCA
19,17PNNELC,BITS Plate 1 B7,BITS Forward Primers Plate 2,AACGCGAACTACCTGCGGARGGATCA
20,17PNNELD,BITS Plate 1 B8,BITS Forward Primers Plate 2,AACGCGTTCTACCTGCGGARGGATCA
21,17PNRC2A,BITS Plate 1 B9,BITS Forward Primers Plate 2,AACGGCAACTACCTGCGGARGGATCA
22,17PNRC2B,BITS Plate 1 B10,BITS Forward Primers Plate 2,AACGGCTTCTACCTGCGGARGGATCA
23,17PNRC2C,BITS Plate 1 B11,BITS Forward Primers Plate 2,AACGTACCCTACCTGCGGARGGATCA
24,17PNRC2D,BITS Plate 1 B12,BITS Forward Primers Plate 2,AACGTAGGCTACCTGCGGARGGATCA
25,17PNBNSA,BITS Plate 1 C1,BITS Forward Primers Plate 2,AACGTTCGCTACCTGCGGARGGATCA
26,17PNBNSB,BITS Plate 1 C2,BITS Forward Primers Plate 2,AACGTTGCCTACCTGCGGARGGATCA
27,17PNBNSC,BITS Plate 1 C3,BITS Forward Primers Plate 2,AAGCAACGCTACCTGCGGARGGATCA
28,17PNBNSD,BITS Plate 1 C4,BITS Forward Primers Plate 2,AAGCAAGCCTACCTGCGGARGGATCA
29,17PNROSA,BITS Plate 1 C5,BITS Forward Primers Plate 2,AAGCATCCCTACCTGCGGARGGATCA
30,17PNROSB,BITS Plate 1 C6,BITS Forward Primers Plate 2,AAGCATGGCTACCTGCGGARGGATCA
31,17PNROSC,BITS Plate 1 C7,BITS Forward Primers Plate 2,AAGCCGAACTACCTGCGGARGGATCA
32,17PNROSD,BITS Plate 1 C8,BITS Forward Primers Plate 2,AAGCCGTTCTACCTGCGGARGGATCA
33,17PNANAA,BITS Plate 1 C9,BITS Forward Primers Plate 2,AAGCGCAACTACCTGCGGARGGATCA
34,17PNANAB,BITS Plate 1 C10,BITS Forward Primers Plate 2,AAGCGCTTCTACCTGCGGARGGATCA
35,17PNANAC,BITS Plate 1 C11,BITS Forward Primers Plate 2,AAGCGGATCTACCTGCGGARGGATCA
36,17PNANAD,BITS Plate 1 C12,BITS Forward Primers Plate 2,AAGCGGTACTACCTGCGGARGGATCA
37,17PNRADA,BITS Plate 1 D1,BITS Forward Primers Plate 2,AAGCTACCCTACCTGCGGARGGATCA
38,17PNRADB,BITS Plate 1 D2,BITS Forward Primers Plate 2,AAGCTAGGCTACCTGCGGARGGATCA
39,17PNRADC,BITS Plate 1 D3,BITS Forward Primers Plate 2,AAGCTTCGCTACCTGCGGARGGATCA
40,17PNRADD,BITS Plate 1 D4,BITS Forward Primers Plate 2,AAGCTTGCCTACCTGCGGARGGATCA
41,17PNBORA,BITS Plate 1 D5,BITS Forward Primers Plate 2,AAGGAACCCTACCTGCGGARGGATCA
42,17PNBORB,BITS Plate 1 D6,BITS Forward Primers Plate 2,AAGGAAGGCTACCTGCGGARGGATCA
43,17PNBORC,BITS Plate 1 D7,BITS Forward Primers Plate 2,AAGGATCGCTACCTGCGGARGGATCA
44,17PNBORD,BITS Plate 1 D8,BITS Forward Primers Plate 2,AAGGATGCCTACCTGCGGARGGATCA
45,17PNBLFA,BITS Plate 1 D9,BITS Forward Primers Plate 2,AAGGCCAACTACCTGCGGARGGATCA
46,17PNBLFB,BITS Plate 1 D10,BITS Forward Primers Plate 2,AAGGCCTTCTACCTGCGGARGGATCA
47,17PNBLFC,BITS Plate 1 D11,BITS Forward Primers Plate 2,AAGGCGATCTACCTGCGGARGGATCA
48,17PNBLFD,BITS Plate 2 F1,BITS Forward Primers Plate 1,ACCATCGACTACCTGCGGARGGATCA
49,17PNFALA,BITS Plate 2 G1,BITS Forward Primers Plate 1,ACCTGATGCTACCTGCGGARGGATCA
50,17PNFALB,BITS Plate 2 G2,BITS Forward Primers Plate 1,ACCTGTAGCTACCTGCGGARGGATCA
51,17PNFALC,BITS Plate 2 G3,BITS Forward Primers Plate 1,ACCTGTTCCTACCTGCGGARGGATCA
52,17PNFALD,BITS Plate 2 G4,BITS Forward Primers Plate 1,ACCTTCCACTACCTGCGGARGGATCA
53,17PNGMEA,BITS Plate 2 G5,BITS Forward Primers Plate 1,ACCTTCGTCTACCTGCGGARGGATCA
54,17PNGMEB,BITS Plate 2 G6,BITS Forward Primers Plate 1,ACCTTGCTCTACCTGCGGARGGATCA
55,17PNGMEC,BITS Plate 2 G7,BITS Forward Primers Plate 1,ACCTTGGACTACCTGCGGARGGATCA
56,17PNGMED,BITS Plate 2 G8,BITS Forward Primers Plate 1,ACGAACCTCTACCTGCGGARGGATCA
57,17PNZNWA,BITS Plate 2 G9,BITS Forward Primers Plate 1,ACGAACGACTACCTGCGGARGGATCA
58,17PNZNWB,BITS Plate 2 G10,BITS Forward Primers Plate 1,ACGAAGCACTACCTGCGGARGGATCA
59,17PNZNWC,BITS Plate 2 G11,BITS Forward Primers Plate 1,ACGAAGGTCTACCTGCGGARGGATCA
60,17PNZNWD,BITS Plate 2 G12,BITS Forward Primers Plate 1,ACGACAAGCTACCTGCGGARGGATCA
61,17mock community #1b,BITS Plate 2 H1,BITS Forward Primers Plate 1,ACGACATCCTACCTGCGGARGGATCA
62,17mock community #2b,BITS Plate 2 H2,BITS Forward Primers Plate 1,ACGACTACCTACCTGCGGARGGATCA
63,17mock community #3b,BITS Plate 2 H3,BITS Forward Primers Plate 1,ACGACTTGCTACCTGCGGARGGATCA
64,17negative control #1b,BITS Plate 2 H4,BITS Forward Primers Plate 1,ACGAGAACCTACCTGCGGARGGATCA
65,17negative control#2b,BITS Plate 2 H5,BITS Forward Primers Plate 1,ACGAGATGCTACCTGCGGARGGATCA
66,17negative control #3b,BITS Plate 2 H6,BITS Forward Primers Plate 1,ACGAGTAGCTACCTGCGGARGGATCA
,,,,